{
  "metrics": {
    "bleu": 0.029308002469614052,
    "rougeL_f": 0.2807017543859649,
    "rougeL_p": 0.16666666666666666,
    "rougeL_r": 0.8888888888888888,
    "bertscore_p": 0.5415154695510864,
    "bertscore_r": 0.6768211126327515,
    "bertscore_f1": 0.6016549468040466,
    "repetition_mean": 0.1346153846153846,
    "repetition_min": 0.1346153846153846,
    "repetition_max": 0.1346153846153846,
    "gen_len_mean": 54.0,
    "gen_len_min": 54,
    "gen_len_max": 54,
    "length_penalty_mean": 5.0,
    "ref_len_mean": 9.0
  },
  "examples": [
    {
      "prompt": "Once upon a time",
      "generation": "Once upon a time time , a time , there upon upon a small time , there . He girl small big She girl excited , so little big house time in little time time , there was a big other girl little little big garden was a time time went there named One",
      "reference": "Once upon a time, there was a little boy..."
    }
  ]
}